,polarity,subjectivity,filtered_polarity,filtered_subjectivity,Open,High,Low,Close,Volume,Market Cap
2019-08-01,0.0871310507674144,0.2131641086186541,0,1,4028.47207166,4109.02106516,3996.95525626,4030.84799935,5306593305.067229,70422743854.2439
2019-08-02,0.045559388528138525,0.2870332792207792,0,1,3401.37643333,3695.61397521,3391.02375248,3666.78035061,7735623101.05035,64270269952.7511
2019-08-03,-0.008922558922558924,0.1685185185185185,0,0,3913.22593587,3950.43223806,3875.22842393,3901.13162355,10638638944.001,68574579320.2148
2019-08-04,0.03378496503496505,0.39343919968919966,0,1,5199.83537777,5318.83648777,5148.21181354,5289.77104039,17154113634.3214,93286365973.0142
2019-08-05,0.16620370370370371,0.3444444444444444,0,1,5849.48135039,5989.98114696,5794.71564865,5982.45732286,15320605299.5998,105829143585.149
2019-08-06,0.11313636363636363,0.26345454545454544,0,1,8036.774936,8076.89110147,7837.61096128,7954.12772355,16522722809.9052,141172841635.462
2019-08-07,0.0578698752228164,0.32053407376936793,0,1,11446.597155299998,12345.8331464,11393.3743129,12285.958217,23482551458.3087,218778355444.30603
2019-08-08,0.05073051948051947,0.2344112554112554,0,1,11954.0403364,11979.4201746,11556.168450799998,11966.407405,19481591729.5165,213788089212.212
2019-08-09,-0.003154761904761904,0.07101190476190475,0,0,10518.1141171,10595.638080399998,10409.091259,10441.275979,13670567492.7551,187150078006.707
2019-08-10,0.08571072567783093,0.2922248803827751,0,1,8246.84962925,8332.71517142,8185.7629675,8228.7831528,15592264032.1241,147966069981.65198
2019-08-11,-0.04370370370370371,0.22703703703703706,0,1,9265.36833744,9272.75941894,8775.53408279,8804.88071936,24333037836.1548,158808570728.683
2019-08-12,-0.16558554292929295,0.3439236111111111,0,1,7551.33900507,7634.60664192,7476.09125491,7564.345403200001,15409908086.2037,136847419895.976
2019-08-13,0.021570972886762362,0.1584529505582137,0,0,11385.0524972,11420.0498609,10830.326914399999,10895.830435799999,16681503536.9668,194762696644.16397
2019-08-14,0.01883417508417509,0.1832807239057239,0,0,10889.4877427,10889.5569207,10028.135363500001,10051.703931299999,19990838299.8764,179692803424.26
2019-08-15,-0.00706168831168831,0.1773538961038961,0,0,10038.4217089,10437.410650700001,9675.3164202,10311.545429,22899115082.1403,184357666577.279
2019-08-16,0.030368777056277052,0.21218759018759017,0,1,10319.4203458,10524.3498284,9855.47883007,10374.3393471,20228207096.3622,185500055338.79602
2019-08-17,-0.013948372615039274,0.17920089786756452,0,0,10358.7225407,10452.624692399999,10086.697960299998,10231.7438454,13778035685.0204,182966857173.0
2019-08-18,0.059693877551020416,0.19693877551020408,0,0,10233.0062966,10487.070244,10119.0946079,10345.8103795,12999813869.0485,185022920955.42102
2019-08-19,0.04380952380952381,0.2948809523809524,0,1,10350.283631,10916.053870200001,10313.2044338,10916.053870200001,16038264603.2616,195243306008.31
2019-08-20,0.035930944055944054,0.34470612720612714,0,1,10916.346717100001,10947.0417192,10618.960678200001,10763.2326304,15053082175.362,192530283565.25302
2019-08-21,0.033890885899814475,0.14315669449598017,0,0,10764.5727493,10798.7297949,9962.7216442,10138.049355,19473084767.8293,181364502141.631
2019-08-22,-0.015633608815426997,0.20590564738292008,0,1,10142.521429999999,10232.9960286,9831.46262049,10131.0561021,17097508856.2413,181257125782.96698
2019-08-23,-0.040633608815427,0.14839302112029384,0,0,10136.3095336,10442.4435166,10078.1927261,10407.965329,15627023886.2172,186231409722.18
2019-08-24,0.028906249999999994,0.2490451388888889,0,1,10407.6442328,10418.0204345,9982.29685483,10159.960538500001,15451030650.3596,181813631752.038
2019-08-25,0.053758741258741256,0.23496503496503493,0,1,10160.7370213,10304.6222586,10008.7887534,10138.517665000001,14153856609.6535,181450186164.483
2019-08-26,0.022743055555555558,0.13541666666666666,0,0,10126.299518700001,10512.327753399999,10126.299518700001,10370.820160500001,18438654079.5348,185625235888.757
2019-08-27,-0.06511976911976912,0.31128860028860034,0,1,10372.8263035,10381.3283434,10087.3005576,10185.4998997,14762609502.7663,182325540954.58
2019-08-28,0.05174571805006587,0.31856060606060604,0,1,10203.4268025,10279.3659944,9716.65581044,9754.42327325,17603790323.1144,174627460399.528
2019-08-29,0.01756198347107438,0.26232782369146,0,1,9756.78570735,9756.78570735,9421.63015965,9510.20054413,17045878500.7915,170274910132.34802
2019-08-30,-0.02297979797979798,0.12335858585858585,0,0,9514.84485249,9656.12392624,9428.30239699,9598.17364826,13595263986.4386,171869216523.885
2019-08-31,-0.007119883040935672,0.177733918128655,0,0,9597.539447600002,9673.22043974,9531.79983914,9630.66384768,11454806419.0115,172470743516.177
2019-09-01,0.0968686868686869,0.19363636363636366,0,0,4031.55201569,4068.40358144,4022.66280883,4035.29636921,5115905224.62691,70508733459.2063
2019-09-02,0.060606060606060594,0.16424242424242425,0,0,3671.58595682,3679.94151048,3646.55933455,3671.20370545,6158833644.65178,64354732475.0563
2019-09-03,-0.02476190476190476,0.589047619047619,0,1,3894.55252613,3987.23778458,3892.39046739,3963.31374243,10796103518.2198,69674508654.6229
2019-09-04,0.07904112554112554,0.18983549783549783,0,0,5289.91798137,5289.91798137,5167.41905834,5204.95837847,14722104361.4039,91799330425.2375
2019-09-05,-0.0788690476190476,0.33363095238095236,0,1,5982.31627033,6183.03929388,5982.31627033,6174.52868876,16784645410.7955,109238600750.14801
2019-09-06,0.04285714285714288,0.3095238095238095,0,1,7949.67470562,7975.97432619,7583.21971271,7688.07711075,16610726547.0477,136465098533.16199
2019-09-07,0.05573979591836734,0.29699546485260775,0,1,12284.3264649,12779.1320971,12233.2620314,12573.8129407,28167921522.6206,223928128582.65198
2019-09-08,0.018302341597796142,0.14473140495867767,0,0,11953.4695395,11970.4577149,11709.745378799998,11862.936759999999,18339989959.5105,211961319132.719
2019-09-09,0.07507460973370064,0.32735307621671256,0,1,10443.228500700001,10450.311531799998,10144.929455,10334.9741628,17595943367.9607,185263578990.272
2019-09-10,0.020265151515151514,0.14914772727272727,0,0,8229.84046087,8627.70620766,8169.29898629,8595.73981722,19384942333.2248,154579656110.395
2019-09-11,0.05621933621933621,0.2831385281385281,0,1,8809.46919831,8891.81831071,8793.16349154,8813.58248677,17578630605.9219,158981489715.40698
2019-09-12,0.039114583333333335,0.3904861111111111,0,1,7561.79517117,7618.09166983,7365.98519914,7400.89935576,17872021272.3945,133904005787.106
2019-09-13,0.040636363636363644,0.23345454545454547,0,1,10415.362533299998,10441.489016399999,10226.5969003,10360.547277299998,14109864674.7053,185809163035.281
2019-09-14,0.059280303030303017,0.22921865715983364,0,1,10345.4037591,10422.1334739,10291.6944928,10358.0491621,13468713124.1199,185784300332.487
2019-09-15,-0.020370370370370372,0.25416666666666665,0,1,10356.4657676,10387.0348987,10313.092448000001,10347.7129074,12043433567.3488,185618174383.964
2019-09-16,0.013506493506493503,0.13037878787878787,0,0,10347.222257899999,10386.8668661,10189.7445857,10276.7935649,15160167778.756,184366827555.185
2019-09-17,0.06819393939393939,0.16895757575757578,0,0,10281.5133161,10296.771717200001,10199.7397431,10241.2721545,15304603363.0642,183748515827.697
2019-09-18,0.06694444444444446,0.21722222222222226,0,1,10247.7960832,10275.9290823,10191.4695236,10198.2484072,16169268880.2039,182998899156.058
2019-09-19,-0.013343253968253971,0.1920634920634921,0,0,10200.4958846,10295.6689895,9851.69215634,10266.414969399999,19937691247.0366,184240949577.458
2019-09-20,0.04199380165289256,0.11175964187327823,0,0,10266.3185338,10285.872264799998,10132.1861639,10181.6413094,14734189639.282,182738947695.643
2019-09-21,0.055113636363636365,0.29690656565656565,0,1,10183.6480972,10188.0979122,10000.708048299999,10019.716910100002,13425266806.3321,179853287294.13
2019-09-22,-0.0339781746031746,0.14662698412698413,0,0,10024.115262899999,10074.4444155,9922.53339543,10070.392106399999,13199651698.4687,180784051698.601
2019-09-23,0.014921436588103255,0.270115039281706,0,1,10067.9626513,10074.238245999999,9727.14357367,9729.32376435,15144925408.1142,174674558022.766
2019-09-24,0.014704335016835013,0.2793771043771044,0,1,9729.32139737,9804.31716645,8370.80138242,8620.56642733,25002886688.9271,154785821876.078
2019-09-25,0.10576388888888891,0.2048611111111111,0,1,8603.42867242,8744.82844926,8325.39633159,8486.99297206,21744728352.6112,152404005090.737
2019-09-26,-0.019393939393939394,0.3215263748597082,0,1,8487.66958635,8515.68528527,7895.6296228,8118.96756783,19258205289.3518,145812492487.865
2019-09-27,0.03660714285714285,0.1842592592592593,0,0,8113.10095,8271.52075751,7965.92265351,8251.84555744,16408941155.5063,148212635834.013
2019-09-28,-0.013103254769921439,0.20765993265993268,0,1,8251.27362342,8285.6167637,8125.43166316,8245.91515478,14141152736.1915,148122503615.689
2019-09-29,-0.0072014260249554304,0.18821746880570409,0,0,8246.03737695,8261.70737338,7990.49716007,8104.18567564,13034629108.5014,145590374680.607
2019-09-30,0.04468118686868686,0.13429608585858585,0,0,8104.22636732,8314.23099666,7830.75876126,8293.86774062,17115474183.4674,149011567415.156
2019-10-01,0.005769230769230762,0.3766483516483516,0,1,4034.41144545,4064.06655088,3659.17453883,3678.92468128,6874143795.71863,64288932886.0169
2019-10-02,0.26011904761904764,0.4666666666666667,1,1,3673.20153682,3695.03601276,3640.97995463,3690.18824383,6282256902.9225,64694025950.728
2019-10-03,0.2606060606060606,0.3875,1,1,3966.1742331999994,3966.1742331999994,3924.38105934,3951.59982769,9713267606.58481,69475297369.7211
2019-10-04,0.04791666666666666,0.1729166666666667,0,0,5204.10530845,5421.65146794,5193.38250879,5324.5518687,15504590933.2653,93918439274.0321
2019-10-05,0.061851851851851845,0.17925925925925928,0,0,6175.82273778,6434.61766164,6161.51907243,6378.8489737,19419875367.6122,112863284035.003
2019-10-06,0.0521875,0.165,0,0,7692.28467885,8031.90989621,7586.73084679,8000.32982299,18689275117.4736,142023351079.395
2019-10-07,0.05492063492063492,0.2032936507936508,0,1,12571.5371616,13129.528933900001,11710.978414700001,12156.5126313,33627574244.0567,216515999522.295
2019-10-08,-0.06250000000000001,0.2708333333333333,0,1,11861.556695399999,11915.655260299998,11323.8987573,11354.0242177,18125355447.0493,202890020454.66397
2019-10-09,0.04831649831649831,0.29851641414141417,0,1,10336.4084054,10394.353922700002,10020.5734003,10115.9757913,14906809639.1074,181360731382.795
2019-10-10,0.07241301907968574,0.2012121212121212,0,1,8585.2798473,8625.27283353,8471.93362208,8586.47342543,17618660671.4154,154430515160.222
2019-10-11,0.0858974358974359,0.1576923076923077,0,0,8812.48953287,9103.82584426,8806.16233361,9055.52605732,20587919881.0251,163364406731.87
2019-10-12,0.03774955436720142,0.26848930481283423,0,1,7397.13422776,7424.02286377,7246.04375293,7278.119783300001,18249031194.8933,131696121854.857
2019-10-13,-0.06313131313131314,0.24141414141414141,0,1,8336.90223051,8470.98789038,8276.61224603,8321.00574668,13808286058.975,149700817938.865
2019-10-14,0.09257575757575758,0.27990530303030303,0,1,8320.83224411,8390.20904169,8284.13119151,8374.6864467,15151387859.0232,150680499056.444
2019-10-15,0.013720238095238091,0.18586309523809524,0,0,8373.45825537,8410.71471368,8182.70662559,8205.36931588,15220412631.575,147650082214.972
2019-10-16,-0.0074949494949494875,0.25397979797979797,0,1,8204.67452005,8216.81221666,7985.08963712,8047.52686305,16071646995.521002,144823993562.285
2019-10-17,0.0304853041695147,0.17486329460013672,0,0,8047.81274259,8134.8314486,8000.94263465,8103.91137325,14313052244.0844,145853994297.969
2019-10-18,-0.04133089133089134,0.2388125763125763,0,1,8100.93361588,8138.41371165,7902.16409743,7973.20744597,15651592610.2237,143517630375.763
2019-10-19,0.06388888888888888,0.2546296296296296,0,1,7973.8037681000005,8082.62930791,7944.7770508,7988.56044241,13797825640.2423,143808163806.88
2019-10-20,0.03838383838383838,0.23484848484848486,0,1,7997.8070221,8281.81863723,7949.43922655,8222.07826034,15504249442.1065,148026597063.944
2019-10-21,0.005655938264633914,0.34707086391869,0,1,8225.11518823,8296.69397668,8196.41634287,8243.72113905,15868748865.705,148432733155.222
2019-10-22,0.024225955204216075,0.2494902440554614,0,1,8243.40209165,8296.65115115,8074.46280468,8078.20332194,16803377856.538,145469660005.416
2019-10-23,0.03484250398724083,0.2517703349282297,0,1,8076.22846601,8092.99949202,7469.32269922,7514.67201276,21942878957.5397,135337364281.804
2019-10-24,0.04395586297760211,0.1819828722002635,0,0,7509.72818274,7532.86765606,7446.98855091,7493.48873154,16268708848.7612,134968410276.47801
2019-10-25,0.03336861259655377,0.24655005941770647,0,1,7490.70317641,8691.53999754,7479.98432283,8660.70063696,28705065488.2505,156006603607.064
2019-10-26,0.001455026455026454,0.1310846560846561,0,0,8667.57715496,10021.743983,8662.62237955,9244.97220867,44496255608.7526,166547360781.636
2019-10-27,0.10939393939393939,0.27424242424242423,0,1,9241.70707513,9749.52966634,9112.54182017,9551.7149631,32593129500.7442,172087039875.447
2019-10-28,0.0567878787878788,0.2935151515151515,0,1,9565.10188348,9805.11808945,9256.14838876,9256.14838876,30948255331.8234,166777392742.458
2019-10-29,0.061187878787878784,0.19678181818181817,0,0,9248.440562200001,9516.18104772,9232.64808578,9427.68758384,28426779937.4131,169883866262.332
2019-10-30,0.045193602693602695,0.22203423120089788,0,1,9422.4633254,9426.87421747,9085.370356799998,9205.72655905,27706531577.461002,165899500650.49
2019-10-31,0.054382102272727266,0.23189867424242425,0,1,9202.45758879,9383.16089153,9028.71744031,9199.58483269,26583653946.6317,165804227834.59
2019-11-01,0.06720202020202021,0.24330303030303033,0,1,3674.01543102,3713.88184691,3653.06980474,3687.3654818000005,5538712864.65637,64443301116.571
2019-11-02,0.006889204545454544,0.2708806818181818,0,1,3695.61303928,3695.61303928,3642.28773261,3648.43062774,6277056433.57185,63968390249.9939
2019-11-03,0.031818181818181815,0.2840909090909091,0,1,3953.74017402,3966.38473672,3889.23913266,3905.22731979,10125901902.7266,68666928025.4743
2019-11-04,0.007539682539682533,0.24761904761904763,0,1,5325.08155529,5354.22546556,5017.29640976,5064.48767243,16555616019.1146,89341168456.888
2019-11-05,0.27626262626262627,0.4171717171717172,1,1,6379.66690526,7333.00312262,6375.69861161,7204.77169716,28867562329.2995,127488435181.246
2019-11-06,-0.000694444444444442,0.1329861111111111,0,0,8004.24354228,8026.3942184,7772.80393035,7927.71435114,17107279931.9857,140748537529.853
2019-11-07,0.024716054554764236,0.18715728715728713,0,0,12139.713837899999,12144.6227945,11158.922814200001,11358.661752,28595327690.1018,202324174691.693
2019-11-08,0.03428030303030302,0.24393939393939393,0,1,11349.739894299999,11523.5793784,11248.2948234,11523.5793784,15774371517.9934,205941632234.684
2019-11-09,0.10102272727272728,0.2548674242424242,0,1,10123.0347321,10215.9477875,9980.77667261,10178.371889299999,15428063426.0714,182502788242.499
2019-11-10,0.07362914862914861,0.29238816738816736,0,1,8585.26280768,8721.78072149,8316.18140086,8321.75671178,19604381101.2277,149685618275.045
2019-11-11,0.006969696969696973,0.2994128787878788,0,1,9056.91770059,9081.27928096,8700.60878725,8757.78854226,20265510765.3146,158009772437.163
2019-11-12,-0.004101010101010105,0.18707070707070705,0,0,7277.19769871,7324.15640741,7195.52739606,7217.427115199999,16350490689.2812,130609895527.986
2019-11-13,0.08363636363636365,0.2025378787878788,0,1,8812.03362864,8836.84179047,8761.6511216,8808.2625823,17545755404.6043,158949942842.02402
2019-11-14,0.06856060606060606,0.26403882575757576,0,1,8811.93633174,8826.94365923,8692.55188007,8708.09509517,19084739974.5708,157160974643.863
2019-11-15,-0.009668831168831169,0.22988961038961037,0,1,8705.70810061,8730.873426600001,8484.84418485,8491.99201234,21796856471.0897,153277483625.53302
2019-11-16,-0.024086452762923347,0.262277183600713,0,1,8491.16631667,8591.99724097,8473.97406353,8550.76055694,16495389808.4135,154354054193.602
2019-11-17,-0.018831168831168834,0.17889610389610391,0,0,8549.47090893,8727.78922661,8500.96788688,8577.9757816,18668638896.6252,154861842424.932
2019-11-18,0.026101928374655643,0.19432966023875115,0,0,8573.98009164,8653.28015751,8273.57288734,8309.28598342,21579470673.406002,150025712267.12698
2019-11-19,-0.0034286315536315496,0.21956770081770083,0,1,8305.13429095,8408.51612757,8099.96336899,8206.14591807,21083613815.9481,148178376842.59
2019-11-20,0.09982957655371447,0.26852515300791163,0,1,8203.61317991,8237.23987375,8010.51190064,8027.26824331,20764300436.8365,144962727397.799
2019-11-21,-0.025925925925925915,0.29814814814814816,0,1,8023.64468729,8110.09813105,7597.38160764,7642.74994484,22514243371.4685,138031885378.78302
2019-11-22,0.007857420357420356,0.27017288267288264,0,1,7643.56942455,7697.38271398,6936.70659892,7296.57756843,34242315784.8124,131791783672.11
2019-11-23,0.017996137849079014,0.2851232917409388,0,1,7296.16442479,7442.25893278,7151.41781411,7397.7968154,21008924417.7026,133636205957.351
2019-11-24,-0.02857142857142857,0.10714285714285714,0,0,7398.63390574,7408.57736944,7029.28912726,7047.91688176,30433517289.4688,127327398565.035
2019-11-25,0.0052020202020202,0.23933080808080803,0,1,7039.97703454,7319.85680403,6617.1670508,7146.13390214,42685231261.741,129112952930.262
2019-11-26,0.036140422077922084,0.3740643037518037,0,1,7145.1590862,7320.23035135,7098.57229752,7218.37133433,21129505542.4938,130429018719.748
2019-11-27,-0.01638287638287638,0.2288648388648388,0,1,7220.88064968,7619.6935852,6974.17436987,7531.663644600001,23991412764.1441,136102712894.02802
2019-11-28,-0.09333333333333334,0.27447368421052637,0,1,7536.82010358,7730.07266616,7454.12179377,7463.106128300001,19050116751.2687,134879411013.19301
2019-11-29,0.04394550342130987,0.30888318670576737,0,1,7466.72728957,7781.1796785,7460.75621581,7761.24360172,19709695455.776,140280108520.941
2019-11-30,-0.03232323232323232,0.22929292929292927,0,1,7764.05726187,7836.10181158,7515.84946647,7569.63012202,17158194786.41,136829391048.646
2019-12-01,0.10833333333333334,0.10833333333333334,0,0,3686.97309735,3698.9783488000007,3653.81085703,3661.30098975,4778170882.56059,63994140881.8701
2019-12-02,-0.056060606060606054,0.21854066985645934,0,1,3642.75185939,3668.58683348,3618.55692543,3653.52864497,6480384531.73272,64063755249.7315
2019-12-03,0.015289256198347105,0.19338842975206608,0,0,3903.75829416,3926.88908293,3863.55909997,3909.15620907,9809887079.436892,68743000581.0221
2019-12-04,0.009343434343434338,0.27810245310245313,0,1,5061.20088735,5103.27440858,4955.85259984,5089.53891201,13675206312.4982,89792633045.0218
2019-12-05,0.05757575757575757,0.25636363636363635,0,1,7203.50752166,7503.87183327,6815.77092608,6972.37152291,27773333679.6781,123389710222.362
2019-12-06,0.1388888888888889,0.17222222222222222,0,0,7925.43410401,8196.64825685,7862.3597896,8145.85747373,19034432883.3832,144634684710.85
2019-12-07,0.008015935214211074,0.1655799373040752,0,0,11354.299624,11905.487006399999,11179.1448437,11815.986686700002,23534692796.6076,210494417831.881
2019-12-08,0.2108643250688705,0.25748966942148754,1,1,11528.1893667,11528.1893667,11320.9515001,11382.615956200001,13647198229.0109,203441494985.163
2019-12-09,0.033906926406926406,0.11540404040404043,0,0,10176.819361599999,10442.253874200002,10099.2419536,10410.1268031,15323563925.0222,186678943058.602
2019-12-10,-0.04366666666666666,0.34055555555555556,0,1,8315.66465289,8415.24222171,8313.34130028,8336.55527417,14532641604.5306,149965767624.06198
2019-12-11,0.023651348651348655,0.14092574092574092,0,0,8759.75190096,8853.76817777,8685.42814321,8815.66253925,20309769107.2552,159068712900.41
2019-12-12,-0.053516081871345024,0.296016081871345,0,1,7216.73886245,7266.639458399999,7164.7412448,7243.13436273,18927080224.0183,131087151088.483
2019-12-13,0.040560101010101005,0.2512429292929293,0,1,7244.66223669,7293.56066067,7227.12274448,7269.68455922,17125736940.1692,131581377758.09698
2019-12-14,0.1738131313131313,0.3593308080808081,0,1,7268.90271202,7308.83632746,7097.20887996,7124.67396997,17137029729.9478,128970221233.08801
2019-12-15,0.13801247771836006,0.2334402852049911,0,1,7124.23952463,7181.0755288,6924.37592187,7152.30184412,16881129804.3008,129481424647.556
2019-12-16,0.05321869488536156,0.15286596119929455,0,0,7153.66322803,7171.16870269,6903.68277313,6932.48038982,20213265949.6212,125515586951.621
2019-12-17,0.03741341991341992,0.1462987012987013,0,0,6931.31521843,6964.07495829,6587.97426228,6640.51524608,22363804217.3446,120234244808.994
2019-12-18,-0.06533516988062443,0.30300734618916436,0,1,6647.69846901,7324.98487298,6540.04927709,7276.80277047,31836522778.202003,131754969804.179
2019-12-19,0.022587719298245615,0.22807017543859648,0,1,7277.59099229,7346.60239301,7041.3820190999995,7202.84436364,25904604415.96,130445758712.96199
2019-12-20,0.041719367588932806,0.18268774703557308,0,0,7208.63695894,7257.92191888,7086.12400862,7218.81638679,22633815180.0537,130752796980.24
2019-12-21,-0.0328125,0.25885416666666666,0,1,7220.59355274,7223.22627792,7112.73608254,7191.15846913,19312552168.1143,130267655889.328
2019-12-22,0.09348484848484848,0.2689772727272727,0,1,7191.18870288,7518.03306263,7167.17911959,7511.58904232,23134537956.153,136088022048.89
2019-12-23,0.006933275058275062,0.293372668997669,0,1,7508.90255573,7656.17619127,7326.19251983,7355.62826671,27831788041.2053,133275709110.985
2019-12-24,0.012370129870129865,0.23016233766233762,0,1,7354.39283808,7535.71669352,7269.52874884,7322.5324589,22991622105.4083,132687583294.875
2019-12-25,0.07952674897119343,0.27618312757201646,0,1,7325.75589098,7357.01996276,7220.99109225,7275.15572845,21559505148.8096,131840641291.733
2019-12-26,0.0005772005772005749,0.2436868686868687,0,1,7274.79942782,7388.30253592,7200.38659835,7238.96702501,22787010034.3503,131200030099.764
2019-12-27,0.03257575757575757,0.19191919191919193,0,0,7238.14118032,7363.52923526,7189.93393524,7290.08851803,22777360995.5688,132139502950.02199
2019-12-28,0.003088578088578086,0.1761072261072261,0,0,7289.0311303,7399.04088941,7286.90517228,7317.99003408,21365673026.1211,132659059739.795
2019-12-29,0.17649572649572648,0.22991452991452993,0,1,7317.64758783,7513.94840873,7279.86546765,7422.65258898,22445257701.742,134570835775.06
2019-12-30,0.02605452674897119,0.24470164609053496,0,1,7420.27278806,7454.82402731,7276.30814028,7292.99507783,22874131671.9859,132235128152.19801
2019-12-31,0.017654220779220773,0.3025974025974026,0,1,7294.4388956,7335.2900508,7169.77768628,7193.59897843,21167946112.2959,130446112598.42
2020-01-01,0.10227272727272727,0.16382575757575757,0,0,7194.89197053,7254.33061134,7174.94415256,7200.17439274,18565664996.7884,130580829149.58699
2020-01-02,-0.029038461538461534,0.1896153846153846,0,0,9346.35762761,9439.323332,9313.2387904,9392.87536841,25922656496.1848,170900662180.114
2020-01-03,0.09166666666666667,0.35555555555555557,0,1,8599.7583441,8726.79676016,8471.21262606,8562.45405008,35349164300.1413,156238987739.90698
2020-01-13,0.015010330578512398,0.3987293388429752,0,1,8189.77206362,8197.78817891,8079.70074107,8144.19451744,22482910687.9031,147890525972.52698
2020-01-14,0.05579166666666666,0.25254166666666666,0,1,8140.93309605,8879.51152651,8140.93309605,8827.76442606,44841784107.1774,160319484882.901
2020-01-15,0.004754545454545448,0.2573111111111111,0,1,8825.34368451,8890.11741953,8657.18744654,8807.01027532,40102834649.9655,159959191211.678
2020-01-16,0.03452995867768595,0.30839531680440774,0,1,8812.48149122,8846.46109861,8612.09583682,8723.78576573,31313981930.8235,158465055984.185
2020-01-17,0.04900493025493026,0.3111479377104377,0,1,8725.20996387,8958.12195167,8677.316348299999,8929.037677600001,36372139320.4446,162211148777.656
2020-01-18,0.08070075757575758,0.255530303030303,0,1,8927.21225983,9012.19810645,8827.33234474,8942.80890321,32337772626.799,162475965880.12
2020-01-19,0.019365530303030315,0.1793087121212121,0,0,8941.44574506,9164.36225977,8620.0799932,8706.24512993,34217320471.3994,158194319734.796
2020-01-20,0.02362012987012987,0.24053932178932177,0,1,8704.63181434,8745.59079709,8560.47404294,8657.64293942,26422375678.0529,157327553259.434
2020-01-21,0.06077158135981667,0.18408454290807233,0,0,8658.99118302,8755.70629569,8544.52045256,8745.89478833,24097418512.0058,158947996833.847
2020-01-22,0.07098214285714287,0.2052083333333333,0,1,8744.21075075,8792.9938714,8636.747434899999,8680.87604222,22600204050.5816,157783273070.10098
2020-01-23,0.028609625668449195,0.10835561497326204,0,0,8680.65055954,8687.74708842,8333.63787363,8406.516067800001,25770680778.6907,152813329632.858
2020-01-24,-0.01018862090290662,0.21031230674087817,0,1,8405.56773288,8514.66703526,8266.84057849,8445.43428152,24397913025.6774,153536829768.103
2020-01-25,0.032607323232323245,0.3386679292929293,0,1,8440.11958702,8458.45301525,8296.21900672,8367.84777344,19647331548.6757,152143262649.888
2020-01-26,-0.07500000000000001,0.3583333333333334,0,1,8364.41006958,8602.40124618,8325.49808268,8596.82983316,22177678795.56,156322174637.231
2020-01-27,0.012750463821892403,0.4905117501546073,0,1,8597.30877926,8977.7269618,8597.30877926,8909.81917753,28647338393.165,162027957434.616
2020-01-28,0.024673202614379084,0.4295751633986928,0,1,8912.52433979,9358.59031703,8908.44692853,9358.59031703,34398744402.6914,170205617954.856
2020-01-29,0.09487179487179488,0.33044871794871794,0,1,9357.47037892,9406.43179329,9269.46813861,9316.62950445,30682598115.464,169460984603.208
2020-01-30,0.08750000000000001,0.19555555555555557,0,0,9316.01697842,9553.12613251,9230.89727886,9508.993594700001,32378792850.8777,172978577930.867
2020-01-31,-0.02092074592074592,0.3798368298368298,0,1,9508.31314184,9521.70592625,9230.77618023,9350.52936518,29432489719.1331,170112778161.315
2020-02-01,-0.021517379679144386,0.3398440285204991,0,1,7202.55112207,7212.15525252,6935.26997193,6985.47000061,20802083465.3292,126699395235.20401
2020-02-02,0.13124999999999998,0.3055555555555556,0,1,9389.82059095,9468.79761797,9217.82397728,9344.36529292,30835736946.1066,170034976661.751
2020-02-03,0.13846153846153847,0.4534188034188035,0,1,8563.26425933,8921.30839546,8532.63094465,8869.67031078,42857674408.8765,161861167745.164
2020-02-13,-0.03466329966329967,0.3003198653198653,0,1,10323.960493200002,10457.6271997,10116.1614999,10214.3794638,49356071372.9288,186065003525.648
2020-02-14,0.010075757575757578,0.34143939393939393,0,1,10211.5503892,10321.995797299998,10125.533790700001,10312.1160909,43338264161.5617,187862645448.77698
2020-02-15,0.1175,0.36673076923076925,0,1,10313.8568369,10341.5559017,9874.4275077,9889.42462838,43865054831.0045,180179996218.63397
2020-02-16,0.14616883116883117,0.2496103896103896,0,1,9889.17970534,10053.969009100001,9722.38715745,9934.43339025,43374780305.4408,181017665264.45898
2020-02-17,0.012499999999999992,0.2732142857142857,0,1,9936.56026014,9938.815779999999,9507.63799409,9690.14261814,45998298412.6028,176585280987.035
2020-02-18,0.036265597147950086,0.3711420932009167,0,1,9691.23094489,10161.935314100001,9632.38276334,10141.9963705,47271023953.4278,184838512656.137
2020-02-19,0.0816899766899767,0.33920163170163176,0,1,10143.798356799998,10191.6758471,9611.22354001,9633.38688518,46992019709.9208,175585931679.441
2020-02-20,0.13333333333333333,0.23000000000000004,0,1,9629.32531033,9643.21673144,9507.90006137,9608.47590343,44925260236.83099,175147142158.083
2020-02-21,-0.031944444444444456,0.42916666666666664,0,1,9611.78201954,9723.01498512,9589.74360064,9686.44119763,40930547512.6559,176587087363.478
2020-02-22,-0.007753314393939392,0.29715041035353534,0,1,9687.70676008,9698.23112312,9600.72878571,9663.18182933,35838025154.2608,176180696547.80103
2020-02-23,0.08434744268077601,0.3877425044091711,0,1,9663.31864201,9937.40410608,9657.79114467,9924.51522822,41185185761.491,180963233539.785
2020-02-24,0.009055555555555561,0.18455555555555556,0,0,9921.58346055,9951.74614899,9537.04322252,9650.17480677,45080496648.3463,175977808525.913
2020-02-25,-0.06527777777777777,0.4636363636363637,0,1,9651.31279866,9652.73686506,9305.02118582,9341.70516876,42515259129.2118,170369581557.89
2020-02-26,0.04689542483660131,0.29526143790849674,0,1,9338.29028024,9354.77831023,8704.4265506,8820.52220005,50420050761.9225,160879489024.207
2020-02-27,0.02577777777777778,0.3042222222222222,0,1,8825.09351775,8932.89304727,8577.19930942,8784.49384867,45470195695.0864,160238496932.208
2020-02-28,0.01980859010270775,0.3256862745098039,0,1,8788.72854689,8890.45600513,8492.93215312,8672.45534996,44605450442.7398,158211707018.784
2020-02-29,0.012499999999999999,0.15892857142857145,0,0,8671.21254207,8775.63201232,8599.50861972,8599.50861972,35792392544.0102,156895988083.74
2020-03-01,0.10983796296296296,0.2232638888888889,0,1,6984.428612299999,7413.71509934,6914.99590793,7344.88418341,28111481031.9377,133233444755.489
2020-03-02,0.007500000000000018,0.35583333333333333,0,1,9344.68367852,9540.37173779,9248.63423233,9293.52108908,30934096508.7388,169126861033.712
2020-03-03,0.10887626262626264,0.23206439393939393,0,1,8865.38796487,8901.59868323,8704.99029396,8787.78645576,42386715820.5577,160383579416.238
2020-03-13,-0.010586124401913878,0.3848883572567783,0,1,5017.83083939,5838.11493749,4106.98075029,5563.70689169,74156772074.9603,101644613038.335
2020-03-14,0.15888888888888889,0.3256018518518518,0,1,5573.07764952,5625.22650517,5125.06934725,5200.36626392,36154506007.5848,95014981943.9861
2020-03-15,-0.0779124579124579,0.3960942760942761,0,1,5201.06668673,5836.64500618,5169.28339052,5392.31488002,33997889638.762,98530059889.968
2020-03-16,0.09821428571428571,0.3357142857142857,0,1,5385.22952159,5385.22952159,4575.35788665,5014.47997748,45368026429.6205,91633478850.4746
2020-04-01,0.11288324420677362,0.21532976827094477,0,1,7345.37527527,7427.38579435,7309.5140117,7410.65656642,18444271274.7607,134442464030.264
2020-04-02,0.08515406162464986,0.463795518207283,0,1,9292.84190002,9331.26581712,9112.8114171,9180.962966500001,29893183716.0878,167093636161.856
2020-04-03,0.11624526515151516,0.2509895833333333,0,1,8788.54218625,8843.36574975,8712.43181192,8755.24589461,34746706368.1467,159807857328.088
2020-05-01,0.015630570409982177,0.28159536541889485,0,1,7410.45169373,7544.49687224,7400.5355609,7411.31732676,19725074094.5446,134469548249.07599
2020-05-02,0.04428571428571428,0.33345238095238094,0,1,9183.41577743,9701.30003735,9163.70413921,9613.42428895,35222060874.4553,174983423932.952
2020-05-03,0.16403882575757575,0.46259469696969696,0,1,8760.28504049,9142.05429624,8757.25403405,9078.76279174,39698054597.4259,165731679917.865
2020-05-27,-0.2,0.2,0,0,8837.381212799999,9203.32051535,8834.15742919,9181.01794762,32740536902.3266,168814700531.386
2020-05-28,0.012499999999999997,0.14557291666666666,0,0,9184.94499772,9546.31960175,9148.45714843,9525.751094700001,34367073114.464,175161235290.292
2020-05-29,-0.09563341750841751,0.23426978114478114,0,1,9528.35562913,9573.66681733,9379.33894613,9439.12439045,32896642044.2639,173575756364.005
2020-05-30,-0.05476190476190474,0.31190476190476185,0,1,9438.91400926,9704.03030928,9366.72941775,9700.41407169,32722975141.2035,178390129757.67603
2020-05-31,0.23333333333333334,0.25555555555555554,1,1,9700.10569689,9700.34389507,9432.29679512,9461.05891806,27773290298.5099,173997151929.677
2020-06-01,0.038748976248976254,0.172031122031122,0,0,7410.45216807,7781.86718275,7409.29318246,7769.21903905,23276261598.2482,140976457303.71
2020-06-02,0.044654439128123335,0.3123763955342903,0,1,9617.821044799999,9824.61926061,9539.818085100002,9729.80223149,37628823715.5135,177118274393.946
2020-06-03,0.025570860116314664,0.23031756963575142,0,1,9078.30852906,9167.69579623,9032.07958273,9122.54557333,40826885650.9438,166548261959.53198
2020-06-04,0.06406926406926407,0.18785714285714286,0,0,6788.04980287,7271.781152699999,6782.88974461,7271.781152699999,46896904614.9285,133140400947.86
2020-06-05,0.14848484848484847,0.22575757575757577,0,1,9007.44125582,9411.46787039,8966.70598977,9268.76208066,49371886931.4799,170229620935.298
2020-06-06,0.0053750000000000004,0.11562500000000002,0,0,9664.90477464,9773.43201601,9591.02453467,9653.67926335,20438419222.3341,177595657884.165
2020-06-07,0.04722222222222222,0.13611111111111113,0,0,9072.85007426,9375.47475925,9058.6644583,9375.47475925,17889263251.9634,172746103840.155
2020-06-08,-0.00738636363636364,0.19412878787878787,0,0,11749.871332100001,11902.3359717,11598.7138024,11779.7732574,23400740340.1344,217377233001.07602
2020-06-09,-0.05227272727272727,0.15353535353535352,0,0,10167.2167634,10353.928072,10056.8857496,10280.3517032,37071460174.4703,189997214393.28897
2020-06-10,-0.01982323232323231,0.24075126262626265,0,1,10796.30685484,10797.57808729,10528.890831,10604.40588882,42623695307.42572,196281911458.15375
2020-06-11,-0.011931818181818179,0.21685606060606058,0,1,15579.72923853,15903.43797604,15226.8393924,15565.88058083,39837841971.44575,288526920959.49664
2020-06-12,-0.03175438596491228,0.31157894736842107,0,1,19154.18059333,19390.49989515,18897.89407205,19345.12095871,25293775713.52131,359123541247.0556
2020-06-13,0.06515151515151517,0.28787878787878785,0,1,9480.73574979,9493.21171489,9396.00939365,9475.27733834,17564322315.198,174381819725.142
2020-06-14,0.023863636363636368,0.19431818181818183,0,0,9477.55403706,9482.27093599,9347.59379317,9386.78789214,18991732745.507,172763239787.199
2020-06-15,-0.021231546231546237,0.2913364413364414,0,1,9386.03529073,9504.86006526,8990.175946700001,9450.70198692,26699704768.4568,173947607771.72598
2020-06-16,0.026495726495726495,0.13760683760683762,0,0,9454.26643056,9579.43037458,9400.44500832,9538.0243743,21565537208.8567,175563963385.47598
2020-06-17,0.14166666666666666,0.24114583333333334,0,1,9533.78375101,9540.42327076,9327.33958675,9480.25536624,20177709879.1518,174508805561.132
2020-06-18,0.05311004784688995,0.2195574162679426,0,1,9481.56706237,9482.78198635,9328.39559548,9411.84046197,17770083002.7017,173256688664.117
2020-06-19,0.06644886363636365,0.17180871212121213,0,0,9410.29434848,9440.87603373,9274.29612136,9288.01871603,19632223107.3844,170985625732.412
2020-06-20,0.1272727272727273,0.3553030303030303,0,1,9290.96027975,9394.97159448,9247.37967261,9332.340762,17130541557.3081,171809438650.585
2020-06-21,0.21484848484848484,0.45130050505050495,1,1,9330.9264778,9401.10749682,9300.43050848,9303.62971409,15324301168.8293,171289415078.632
2020-06-22,0.0986111111111111,0.22795138888888888,0,1,9300.91545819,9655.07321812,9296.87166573,9648.71760979,21104009513.9664,177651397436.60898
2020-06-23,0.010606060606060607,0.07732884399551067,0,0,9644.07594221,9670.54076171,9547.24708412,9629.65836578,17006433272.0405,177310052079.17102
2020-06-24,0.05856643356643357,0.12054195804195805,0,0,9632.14957943,9680.36714624,9278.23354695,9313.61034868,18961716075.6046,171498781279.927
2020-06-25,-0.008636363636363643,0.235,0,1,9314.12688901,9340.16150568,9095.32457939,9264.81304308,18616048626.1063,170608289503.75302
2020-06-26,0.074375,0.18944444444444444,0,0,9260.99499378,9310.51638223,9101.73845201,9162.91760386,18341465836.5998,168741367621.97
2020-06-27,-0.08636363636363634,0.4136363636363637,0,1,9167.82427849,9207.81098342,8998.21670066,9045.39095672,17273093144.4037,166584831506.245
2020-06-28,0.12209415584415587,0.4165638528138528,0,1,9048.46083712,9197.54701677,8975.52585473,9143.58219104,14560870760.2209,168401806136.911
2020-06-29,0.04654882154882154,0.09158249158249158,0,0,9140.02907078,9237.57275525,9041.87625573,9190.85446467,16460547078.0368,169280659245.84302
2020-06-30,0.0078125,0.20625,0,1,9185.58126105,9217.83601269,9084.83749244,9137.99340026,15735797743.9923,168315606321.29
2020-07-01,0.06342158833230262,0.2537101886209029,0,1,7768.68189098,8178.21587336,7768.22771944,8163.69223944,28767291326.9703,148152237653.685
2020-07-02,0.09269640852974187,0.3811952861952862,0,1,9726.00315742,9834.71678972,9726.00315742,9795.94377253,34522718159.4693,178339437206.337
2020-07-03,0.0744047619047619,0.29017857142857145,0,1,9121.60053553,9163.22109566,8890.74417157,8909.9536515,36216930369.6665,162684945902.611
2020-07-04,0.16666666666666666,0.42500000000000004,0,1,7273.64421075,7427.93933989,7136.71418613,7176.41450049,44243482667.8499,131409299432.46
2020-07-05,0.07142857142857142,0.08571428571428572,0,0,9261.89505826,9992.66392105,9138.32257195,9951.5187451,61112700562.079,182787376636.504
2020-07-06,0.1036525974025974,0.3496753246753247,0,1,9653.00332503,9768.49790176,9458.1504702,9758.8524174,25015250845.6586,179540253701.404
2020-07-07,0.0537962962962963,0.3341666666666667,0,1,9349.16137441,9360.61757468,9201.81538154,9252.27750386,13839652594.6508,170485472276.31302
2020-07-08,0.05658868092691622,0.2237106357694593,0,1,11778.8942824,11898.0384141,11408.5940427,11601.4727146,23132312867.154,214097928027.496
2020-07-09,0.10234848484848486,0.29241161616161615,0,1,10280.9976217,10399.1534283,9916.49293063,10369.5637386,33703098409.3065,191657203885.383
2020-07-10,-0.07045454545454544,0.22140151515151515,0,1,10603.35546589,10680.50819786,10562.50712617,10668.96895539,37799458435.800385,197485816054.93155
2020-07-11,0.13313131313131313,0.25895622895622894,0,1,15565.88058298,15737.09557115,14423.20290926,14833.754107499999,35024953705.61895,274970333139.98395
2020-07-12,0.0998347107438017,0.33763085399449033,0,1,19343.12879819,19411.82767631,18931.14291942,19191.63128698,26896357742.243275,356293229783.3031
2020-07-13,0.10109848484848487,0.3589393939393939,0,1,9277.204660100002,9306.40492983,9224.29284137,9243.61385509,17519821266.4821,170379677119.097
2020-07-14,0.02601851851851852,0.13648148148148148,0,0,9238.7032275,9283.84214229,9171.66111846,9243.21341642,18085038362.4529,170380670524.82098
2020-07-15,0.020629370629370626,0.24825174825174823,0,1,9241.89699957,9275.32512547,9171.93355443,9192.83736784,15844731575.2007,169460074575.96
2020-07-16,-0.001737967914438504,0.27018716577540103,0,1,9191.980233600001,9214.31269823,9088.94740241,9132.22786293,15713967522.661999,168350501976.25
2020-07-17,-0.026485088985088986,0.13808321308321306,0,0,9131.8121414,9182.25430793,9089.20245471,9151.39223963,13944570749.4994,168710427573.953
2020-07-18,-0.006313131313131314,0.2794191919191919,0,1,9151.18404834,9230.98350533,9100.82441002,9159.03990531,12252601474.7851,168858972268.985
2020-07-19,-0.04175824175824175,0.309981684981685,0,1,9158.00603543,9201.39848305,9097.63308598,9185.81691242,12939002784.0054,169360219986.106
2020-07-20,0.16444444444444445,0.18888888888888888,0,0,9187.22037014,9214.27062879,9137.50962153,9164.231364700001,13755604145.7171,168970262858.50302
2020-07-21,0.135,0.4833333333333333,0,1,9162.51448207,9407.26305599,9149.3899187,9374.88752808,18069581955.5535,172861732402.087
2020-07-22,0.1777462121212121,0.29734848484848486,0,1,9375.08046428,9530.5190089,9319.65339503,9525.36344997,16532254884.4441,175644844408.412
2020-07-23,-0.0125,0.1515625,0,0,9527.14199636,9610.24712467,9483.00401906,9581.07201141,18146399001.7048,176680237480.007
2020-07-24,0.10681818181818183,0.30328282828282827,0,1,9585.51480236,9623.33703153,9481.45392527,9536.89268563,16552768324.6558,175875016548.431
2020-07-25,-0.06540404040404041,0.17828282828282827,0,0,9539.48551544,9704.55701308,9530.21219614,9677.11349729,16610070932.7937,178469614078.30103
2020-07-26,0.05000000000000003,0.33125,0,1,9680.23483128,10023.807661,9652.84720642,9905.16724705,20507998996.6863,182685328095.43
2020-07-27,0.03939393939393939,0.21666666666666667,0,1,9905.21791377,11298.2217576,9903.97011125,10990.873399799999,35359749590.1205,202719581736.84198
2020-07-28,0.05395061728395062,0.20839506172839506,0,1,11017.463847600002,11204.327602,10632.6317033,10912.8230505,28766551141.779,201290022192.811
2020-07-29,0.038461538461538464,0.19615384615384615,0,0,10912.9529611,11304.3970694,10856.1413409,11100.4681253,24617249714.5052,204761455132.909
2020-07-30,0.015625,0.31640625,0,1,11099.8328914,11169.3566691,10895.4554062,11111.2142899,22857247900.667004,204969047788.0
2020-07-31,0.021,0.07649999999999998,0,0,11110.2109424,11415.8638958,10987.0535485,11323.4664207,23160469766.3921,208895308529.07397
2020-08-01,0.09919507575757575,0.2761363636363637,0,1,8161.93547734,8396.73788064,7956.77421957,8079.86277673,31672559264.5185,146645162431.47598
2020-08-02,0.06715488215488216,0.16971380471380473,0,0,9793.07042002,9876.74934121,9678.90979138,9865.11946905,35172043761.8284,179615828322.347
2020-08-03,0.05896464646464646,0.18080808080808083,0,0,8908.20601509,8914.34415498,8105.25280434,8108.11629101,39973102120.5682,148060284561.061
2020-08-04,0.034380165289256207,0.08793388429752065,0,0,7179.28341821,7356.22386412,7153.30567428,7334.09845346,37563249548.9382,134309895035.59698
2020-08-05,-0.0069696969696969625,0.31898989898989893,0,1,9936.16248196,9996.74335304,9767.17307027,9842.66636785,51780748041.9506,180804859844.221
2020-08-06,0.032769360269360275,0.21095959595959593,0,1,9760.0632524,9782.30649673,9675.88590718,9771.48948366,21486346311.9064,179782576533.65198
2020-08-07,0.06057162534435261,0.3471418732782369,0,1,9253.02015436,9450.33567174,9249.49994806,9428.333084799999,19702359882.8975,173738543115.206
2020-08-08,0.019999999999999997,0.11000000000000001,0,0,11604.553347600002,11800.0648506,11558.4316317,11754.0458135,17572057837.4054,216924147850.74103
2020-08-09,-0.05694444444444443,0.37777777777777777,0,1,10369.306968500001,10414.775208399999,9945.11015892,10131.5166457,33430927462.2299,187267336727.67603
2020-08-10,0.16711647727272727,0.43622159090909085,0,1,10669.37115892,10945.73703324,10562.60610109,10915.68573098,63314794397.11185,202064144550.3406
2020-08-11,-0.01803030303030303,0.2271212121212121,0,1,14833.75408424,15637.32033788,14744.10989581,15479.56703842,26632075028.85488,286955182899.01483
2020-08-12,0.01,0.11499999999999999,0,0,19191.52946283,19283.47833933,18269.94544375,18321.14491611,31692288756.379017,340148764251.7229
2020-08-13,-0.026250000000000002,0.1075,0,0,11588.4055125,11796.3961941,11216.872539799999,11784.1373895,27522199497.2324,217534728412.94897
2020-08-14,0.125,0.0875,0,0,11772.6593859,12150.9936677,11685.4554805,11768.870619299998,24237958589.0645,217265120502.897
2020-08-15,0.0,0.26666666666666666,0,1,11768.697144299998,11963.203064899999,11768.697144299998,11865.69857,23354924400.3362,219064372745.25897
2020-08-16,0.06000000000000003,0.39333333333333337,0,1,11866.6855801,11934.900915100001,11737.1885988,11892.8040631,20583375490.1685,219576092170.35898
2020-08-17,-0.00011904761904761585,0.22690476190476191,0,1,11895.6577737,12359.0570221,11806.6958823,12254.401908299998,28227687026.7691,226261747567.102
2020-08-18,0.0642857142857143,0.2785714285714286,0,1,12251.8959698,12335.7070704,11954.5257491,11991.2332456,26043227671.8792,221413097553.274
2020-08-19,0.07314814814814816,0.31166666666666665,0,1,11990.8847804,12028.923444299999,11687.332830500001,11758.2835921,24502851117.2582,217122068305.445
2020-08-20,0.1021043771043771,0.28359638047138047,0,1,11761.499735,11900.4111753,11710.063372600001,11878.371621100001,20175242944.6744,219350310325.75897
2020-08-21,-0.0034090909090909102,0.14356060606060606,0,0,11878.026439,11899.2593199,11564.9793191,11592.4890449,23762425998.9504,214082401860.976
2020-08-22,-0.052777777777777764,0.17407407407407408,0,0,11585.477534200001,11689.4073895,11448.8060449,11681.8255623,20224191305.9585,215742068894.983
2020-08-23,0.12666666666666665,0.26666666666666666,0,1,11679.695958700002,11713.4297949,11559.9212608,11664.8479948,18482062657.8012,215439967321.33603
2020-08-24,-0.032323232323232316,0.1595959595959596,0,0,11663.689552299998,11807.632316399999,11623.2504376,11774.5958414,20681511754.5735,217477962650.242
2020-08-25,0.03571428571428571,0.2857142857142857,0,1,11773.58935,11778.299895299999,11189.8510492,11366.1350817,26301509931.9274,209942744480.573
2020-08-26,0.05541958041958042,0.2543900543900544,0,1,11366.894932899999,11530.0530661,11296.993373000001,11488.3634896,22466660957.6266,212210534428.287
2020-08-27,0.09345238095238095,0.390391156462585,0,1,11485.6083964,11570.7863091,11185.9418123,11323.3970324,23240415075.9787,209172436816.55103
2020-08-28,0.02694214876033058,0.12071625344352616,0,0,11325.2956031,11545.6154059,11316.422439700002,11542.4997333,19807127587.5076,213231661583.088
2020-08-29,0.03500000000000001,0.5008333333333332,0,1,11541.054325399999,11585.6406794,11466.2933646,11506.8653177,17485597759.1377,212583870983.482
2020-08-30,0.08888888888888889,0.09444444444444444,0,0,11508.7139745,11715.2648492,11492.381773000001,11711.506161,19760127944.6617,216373660045.36
2020-08-31,0.045732323232323235,0.2651262626262626,0,1,11713.306271899999,11768.8767439,11598.3184963,11680.8204905,22285928250.3117,215817677821.857
2020-09-01,0.09626389376389377,0.3259836784836785,0,1,8082.29607413,8082.29607413,7842.403613400001,7879.07152428,24045990465.6494,143016572819.392
2020-09-02,-0.017105263157894738,0.1875,0,0,9863.89488145,10129.435160299998,9850.39221314,10116.673759000001,35807884663.4158,184214765394.475
2020-09-03,-0.018214285714285718,0.2792857142857143,0,1,8111.14639164,8177.79322362,7690.09818591,7923.6447033,46936995808.1849,144706353758.487
2020-09-04,0.05142857142857142,0.2092857142857143,0,1,7337.9661825,7341.44831412,7179.0943407,7302.089510500001,34815139177.5936,133737857009.88199
2020-09-05,-0.039999999999999966,0.3333333333333333,0,1,9840.90638396,9913.86299284,9580.64449235,9593.89673363,46566121841.1111,176251395672.863
2020-09-06,0.125,0.125,0,0,9774.35993635,9836.36896869,9664.72013333,9795.70019463,23717842782.9821,180237817527.031
2020-09-07,0.03089225589225589,0.18383838383838383,0,0,9427.99387728,9431.37858131,9234.99945975,9277.96790642,18000702524.1277,170977231637.68698
2020-09-08,0.13011363636363635,0.322005772005772,0,1,11737.325234200001,11806.0562765,11548.7844464,11675.7393433,17489608833.2939,215490364254.781
2020-09-09,-0.11597222222222221,0.17013888888888887,0,0,10134.151506100001,10350.5427324,10017.2510729,10242.347780299999,24128292754.8478,189325507175.126
2020-09-10,0.10299999999999998,0.2545,0,1,10927.91292433,11102.67150545,10846.8504295,11064.45759247,22799117612.794453,204827451843.37866
2020-09-11,0.06999999999999999,0.14750000000000002,0,0,15479.59572319,15785.13687202,14865.52927664,15332.31559743,34149115565.701942,284236108837.2787
2020-09-12,-0.09246031746031742,0.2825396825396825,0,1,18320.88478403,18626.29265152,17935.54781966,18553.91537685,34420373070.859474,344486483494.44324
2020-09-13,0.09483585858585859,0.4495454545454545,0,1,10452.3990309,10577.215241299999,10224.3299006,10323.7557975,36506852789.3039,190870759062.07898
2020-09-14,0.002272727272727275,0.35454545454545455,0,1,10328.734111599999,10800.0110604,10266.008770999999,10680.837432799999,35453581939.7213,197484272946.612
2020-09-15,0.15416666666666667,0.3134259259259259,0,1,10677.7548513,10938.6320402,10656.4603435,10796.9509861,32509451925.0468,199641896761.512
2020-09-16,-0.013490675990675993,0.3526806526806527,0,1,10797.762018700001,11100.1243423,10704.8843495,10974.9048915,30769986454.5301,202942925722.083
2020-09-17,0.07499999999999998,0.46249999999999997,0,1,10973.2522347,11037.4211271,10774.6276667,10948.989915200002,38151810523.0524,202475761712.39398
2020-09-18,0.09375,0.15041666666666667,0,0,10951.8200208,11034.908069,10829.6568158,10944.5858045,26341903912.3861,202405809880.58102
2020-09-19,-0.1127272727272727,0.23257575757575757,0,1,10933.7526485,11134.0927157,10909.6183675,11094.346276100001,22764204007.5724,205185696336.192
2020-09-20,0.060714285714285714,0.17857142857142855,0,0,11095.8697916,11095.8697916,10814.4770514,10938.2712894,24699523787.7245,202308927892.353
2020-09-21,0.09932659932659933,0.31616161616161614,0,1,10934.9255349,10988.304783,10380.2607189,10462.2596185,28884999243.6721,193514327128.297
2020-09-22,0.20303030303030303,0.34810606060606064,1,1,10459.624508399998,10568.0767512,10382.7262965,10538.4603213,23621787803.579,194932197947.436
2020-09-23,0.04228395061728395,0.1765432098765432,0,0,10535.49244237,10537.82809054,10197.86492469,10246.18649281,23788661866.987087,189529920746.46765
2020-09-24,-0.0702295684113866,0.282534435261708,0,1,10248.78655955,10771.05620224,10231.49011991,10760.06625677,47144380901.6858,199045623654.10294
2020-09-25,0.015625,0.06458333333333334,0,0,10761.10978907,10777.69586388,10578.91424754,10692.71721234,39348590957.36073,197809986225.92685
2020-09-26,-0.055357142857142834,0.22738095238095238,0,1,10695.57508179,10772.99865956,10667.28093407,10750.72357903,46852525492.62939,198893019773.83694
2020-09-27,0.14583333333333334,0.5625,0,1,10746.89275768,10803.97608005,10622.92175798,10775.26937624,53745972818.151115,199357967522.5053
2020-09-28,0.10519480519480519,0.16969696969696968,0,0,10776.6136391,10945.34790707,10703.89325099,10709.65218175,47762394730.65361,198154065044.1842
2020-09-29,-0.2325,0.48,-1,1,10709.65002191,10860.00069783,10649.49543862,10844.64098118,46582396602.07544,200660083838.7249
2020-09-30,-0.05226124885215795,0.24010560146923784,0,1,10843.87075063,10847.25699325,10669.32109268,10784.49157795,44171073700.186745,199556965503.7717
2020-10-01,0.07629509379509379,0.1952958152958153,0,0,7878.30753815,8166.55414039,7726.77498918,8166.55414039,28714583843.7846,148249907276.742
2020-10-02,0.049049242424242426,0.28757683982683985,0,1,10115.559686,10165.765355,9784.563801999999,9856.61149362,39386548074.7018,179494809265.716
2020-10-03,0.006790123456790128,0.38225308641975314,0,1,7922.147041600001,8136.9452227,7814.76324378,7909.72939346,42213940993.6104,144465567734.489
2020-10-04,0.08719696969696969,0.43704545454545457,0,1,7303.81519824,7303.81519824,6802.47496589,6865.49337195,43622840991.71,125755496117.263
2020-10-05,0.0,0.08888888888888889,0,0,9591.16923131,9595.58062909,8395.10745112,8756.43114193,63325279336.9553,160884755210.801
2020-10-06,0.039636363636363636,0.26945454545454545,0,1,9794.11951106,9908.89655918,9728.29114041,9870.09445278,25706567600.5701,181616765438.40198
2020-10-07,0.08888888888888889,0.3361111111111111,0,1,9273.35699507,9287.47159361,9118.00240742,9278.807867200001,16860035604.803999,171001933826.989
2020-10-08,0.0,0.0,0,0,11662.2569338,12045.140317799998,11662.2569338,11878.111325299998,26114112569.4156,219235405395.415
2020-10-09,0.08888888888888888,0.2814814814814815,0,1,10242.3301347,10503.912526200002,10238.1358906,10363.1390401,54406443210.5135,191568387061.555
2020-10-10,-0.05555555555555555,0.03888888888888889,0,0,11059.14269142,11442.2111099,11056.94053325,11296.3614282,22877978587.762783,209130239494.6501
2020-10-11,0.25,0.25,1,1,15332.350373,15450.32935034,15124.95988876,15290.90268148,25574938143.15171,283468380961.4247
2020-10-12,0.06999999999999999,0.24666666666666667,0,1,18553.29972814,18553.29972814,17957.06521319,18264.99210672,25547132265.471,339136939585.8366
2020-10-13,0.12424242424242425,0.2833333333333333,0,1,11548.71975926,11548.98483187,11321.22451322,11425.899400700002,24241420250.858337,211565586739.30667
2020-10-14,0.05191287878787878,0.2015151515151515,0,1,11429.04780192,11539.97794666,11307.8308683,11429.50688675,24103426719.264656,211643390713.38095
2020-10-15,0.0031013257575757576,0.2373342803030303,0,1,11426.60259823,11569.91418955,11303.60351126,11495.34965037,24487233057.76924,212873103428.00134
2020-10-16,-0.00984848484848485,0.29865319865319867,0,1,11502.82812628,11540.06192994,11223.01278163,11322.12268618,25635480771.68089,209676088343.852
2020-10-17,0.012932900432900435,0.6435064935064935,0,1,11322.1226857,11386.26157113,11285.34551243,11358.10156733,19130430173.838352,210353665235.4524
2020-10-18,0.011111111111111136,0.2347222222222222,0,1,11355.98226642,11483.35971184,11347.57856324,11483.35971184,18283314340.336567,212682581771.31265
2020-10-19,0.047407407407407405,0.21185185185185185,0,1,11495.03793859,11799.0929777,11408.29011785,11742.03715033,23860769927.722214,217482407293.08884
2020-10-20,0.1,0.3,0,1,11745.97493298,11999.91801959,11681.48002079,11916.33514058,30915821592.101604,220721282864.58752
2020-10-21,0.03566666666666667,0.23933333333333331,0,1,11913.07748936,13184.56617255,11900.92861734,12823.68918938,43414712626.04591,237532386962.5129
2020-10-22,0.11034965034965033,0.3783449883449883,0,1,12801.63536307,13161.5941072,12717.09345651,12965.89129043,34729759598.046684,240166387521.54385
2020-10-23,0.02727272727272727,0.24166666666666667,0,1,12971.54847683,13015.96144265,12752.64702492,12931.53902256,28974975002.911232,239557562148.2678
2020-10-24,-0.024999999999999984,0.5597222222222222,0,1,12931.57391476,13145.06668559,12885.74662851,13108.06261161,24542317939.95521,242839876186.2097
2020-10-25,0.16544444444444445,0.4228888888888889,0,1,13108.06314181,13329.18403245,12910.06108914,13031.17431056,24406920575.03764,241425217439.9117
2020-10-26,-0.0030555555555555544,0.35236111111111107,0,1,13031.20124688,13225.29776076,12822.38232695,13075.24769656,29461458313.155544,242250997935.6733
2020-10-27,0.0839330808080808,0.19019360269360272,0,0,13075.24249433,13759.66872521,13060.83803686,13654.21844012,33749878155.991123,252985946389.91595
2020-10-28,0.061010101010101014,0.12855218855218856,0,0,13654.21446094,13837.69545246,12932.25058412,13271.28536861,35867318894.915474,245899824464.83194
2020-10-29,0.00222222222222222,0.10444444444444445,0,0,13271.29897868,13612.04801658,12980.059281299998,13437.8832414,56499499598.2837,248995322466.39035
2020-10-30,0.051587301587301584,0.21785714285714283,0,1,13437.87353717,13651.51626952,13136.19868838,13546.52226938,30581485200.6849,251018154919.98654
2020-10-31,0.07250000000000002,0.31277777777777777,0,1,13546.5326493,14028.21429317,13457.52983298,13780.99470249,30306464718.75512,255372071116.2785
2020-11-01,0.1746843434343434,0.2394570707070707,0,1,8162.191137899999,8218.3589373,8029.64210795,8037.53738872,25521165085.3714,145924199942.31198
2020-11-02,0.14298245614035088,0.26284461152882205,0,1,9855.89170857,10210.0526411,9729.33489054,10208.2362609,37648059388.6878,185917114988.663
2020-11-03,0.012753623188405793,0.24884057971014495,0,1,7910.08980669,7950.81435628,7642.81243049,7911.43012933,38682762604.6366,144508402670.56302
2020-11-04,0.0,0.21875,0,1,6867.440451899999,6926.0696338,6789.920702399999,6859.08296343,31222085946.2734,125651623116.07
2020-11-05,0.05382284382284381,0.22945221445221442,0,1,8755.535638899999,9033.47117613,8374.32297508,8601.79620238,57119858801.9446,158059235275.589
2020-11-06,0.04756198347107438,0.18914600550964186,0,0,9870.07852908,9938.29767389,9263.06958826,9321.78129819,30247143440.179,171538133043.47302
2020-11-07,-0.06666666666666668,0.2,0,0,9277.51196283,9293.53268075,9199.48551044,9240.34632654,13249910444.0746,170302234777.528
2020-11-08,0.03928571428571428,0.23333333333333334,0,1,11881.64754,11932.711173799999,11195.7092716,11410.5256775,27039782639.9113,210616121944.733
2020-11-09,0.09087301587301587,0.3577380952380953,0,1,10369.0283892,10434.9225461,10140.836685799999,10400.914685400001,45201121774.7768,192275791668.534
2020-11-10,-0.06287878787878788,0.3386363636363636,0,1,11296.08178425,11428.81376969,11288.62766113,11384.1819535,19968627059.964268,210766812992.17508
2020-11-11,0.12815656565656566,0.32936507936507936,0,1,15290.90879034,15916.26081024,15290.00681729,15701.33973237,29772374934.00697,291077214051.6671
2020-11-12,-0.0002705627705627743,0.26060606060606056,0,1,18263.92925463,18268.4528447,17619.53238938,18058.90334725,27919640985.341442,335326168918.5213
2020-11-13,-0.0222107438016529,0.2161157024793388,0,1,16276.440477200002,16463.17783998,15992.1528006,16317.80819009,31599492172.18153,302505533181.2506
2020-11-14,-0.023333333333333317,0.31666666666666665,0,1,16317.80834223,16317.80834223,15749.19296725,16068.13870685,27481710135.408524,297877068422.63354
2020-11-15,0.13098958333333333,0.33690476190476193,0,1,16068.13999417,16123.11045585,15793.53391679,15955.58743887,23653867582.69881,295790551597.8903
2020-11-16,0.05471074380165289,0.2850964187327824,0,1,15955.57698439,16816.18144902,15880.705681200001,16716.11132377,31526766675.18648,309889423249.1071
2020-11-17,0.04417249417249418,0.22715617715617714,0,1,16685.69093058,17782.92055432,16564.54499204,17645.40576746,39006849169.8069,327257094857.4363
2020-11-18,0.10738355780022446,0.259570707070707,0,1,17645.19047404,18393.94914579,17352.906612,17804.00563217,49064800277.87428,330218014062.15594
2020-11-19,0.16148760330578513,0.41950413223140504,0,1,17803.86174661,18119.54784964,17382.55398903,17817.09024754,36985055355.388916,330475167134.4854
2020-11-20,0.06067080580238475,0.26941577428419533,0,1,17817.08366299,18773.22751179,17765.79576896,18621.31436938,36992873939.98525,345411881099.1716
2020-11-21,0.03689123376623377,0.48829816017316013,0,1,18621.31587778,18936.62068806,18444.3589249,18642.23276593,39650210707.29688,345819234184.5931
2020-11-22,0.11111111111111112,0.13055555555555556,0,0,18642.232991999997,18688.96913465,17671.38482599,18370.00252365,41280434225.93024,340790183317.33075
2020-11-23,-0.01592592592592593,0.1548148148148148,0,0,18370.01733874,18711.42673061,18000.79611004,18364.12159134,42741112307.89879,340698070308.13434
2020-11-24,0.038898601398601414,0.43726273726273723,0,1,18365.01468531,19348.27096299,18128.65617407,19107.46444977,51469565008.67291,354504361032.3469
2020-11-25,0.18000000000000002,0.37833333333333335,0,1,19104.40961035,19390.96555566,18581.14653195,18732.120777400003,43710357371.4586,347558803507.37305
2020-11-26,0.033522727272727273,0.27632575757575756,0,1,18729.84058731,18866.28612952,16351.03485441,17150.62357809,61396835736.93507,318231964319.3874
2020-11-27,-0.03333333333333335,0.2588888888888889,0,1,17153.91312468,17445.02428555,16526.42352825,17108.40172774,38886494645.12133,317464460530.40906
2020-11-28,0.02727272727272727,0.39090909090909093,0,1,17112.93423773,17853.93919131,16910.65271094,17717.415011200002,32601040733.64276,328782832211.7004
2020-11-29,0.03208333333333336,0.3644444444444444,0,1,17719.63461354,18283.62817317,17559.11762249,18177.48341979,31133957704.272133,337336592123.068
2020-11-30,-0.00429292929292929,0.3332828282828283,0,1,18178.32211783,19749.26369425,18178.32211783,19625.83502949,47728480399.27992,364229729425.8729
2020-12-01,0.09934066859066859,0.3312960557960558,0,1,8033.26184596,8200.06347027,8009.058884100001,8192.49400532,22903438381.3875,148752956965.746
2020-12-02,0.025877192982456138,0.17456140350877192,0,0,10202.3876541,10393.611722700001,10202.3876541,10326.0545246,43444303830.2328,188081204385.987
2020-12-03,-0.017391774891774885,0.32778138528138534,0,1,7913.61638784,7929.11601884,4860.35383012,4970.78790105,53980357243.0501,90804613600.616
2020-12-04,0.03333333333333333,0.15555555555555556,0,0,6858.06802459,7119.94706176,6811.07790015,6971.09159108,35759567632.2851,127716846208.30699
2020-12-05,0.06666666666666667,0.31666666666666665,0,1,8610.38621232,8949.89797874,8569.64398804,8804.47781074,42142717533.1676,161791577300.916
2020-12-06,0.16666666666666666,0.5,0,1,9320.69085457,9540.46539289,9285.85140439,9480.84378943,22610564515.3124,174474896921.53198
2020-12-07,-0.00011363636363636575,0.17920454545454545,0,0,9241.0550437,9319.41941671,9197.4503198,9276.49985018,14452361906.8128,170977422928.13098
2020-12-08,0.05500000000000001,0.275,0,1,11404.5968775,11748.3964937,11249.6054441,11584.934576200001,25064548486.4884,213846666475.048
2020-12-09,0.01241258741258741,0.15804195804195806,0,0,10409.8617874,10578.8382504,10292.3865099,10442.1706031,36750077323.5385,193049493276.59302
2020-12-10,0.023863636363636365,0.1962121212121212,0,0,11392.63621516,11698.4677363,11240.68699569,11555.3628878,26163972641.64605,213950143824.2092
2020-12-11,-0.14444444444444446,0.20277777777777778,0,1,15701.29906726,16305.00422517,15534.7718061,16276.34394919,34175758344.061382,301736853824.6971
2020-12-12,0.14034090909090907,0.5073863636363636,0,1,18051.31998973,18919.55122775,18046.04072366,18803.65687045,21752580801.78931,349170613898.9197
2020-12-13,0.1590909090909091,0.3803030303030303,0,1,18806.76647897,19381.53577302,18734.33288842,19142.3825335,25450468636.538254,355479173805.69794
2020-12-14,0.09469696969696968,0.35454545454545455,0,1,19144.49245994,19305.10044332,19012.70940762,19246.64434137,22473997681.144253,357432550019.9545
2020-12-15,0.04551282051282051,0.18846153846153849,0,0,19246.91998427,19525.0075905,19079.84237737,19417.07603342,26741982541.496983,360614771026.8855
2020-12-16,0.11285714285714286,0.2782295482295482,0,1,19418.81840055,21458.90789704,19298.31727724,21310.59813054,44409011479.22107,395799863745.9665
2020-12-17,0.05797619047619048,0.14762896825396823,0,0,21308.35140371,23642.66010576,21234.67652917,22805.16149213,71378606373.62286,423576934966.4241
2020-12-18,-0.0014545454545454527,0.1744848484848485,0,0,22806.79637266,23238.60062331,22399.81280236,23137.96056165,40387896274.67765,429781092527.7448
2020-12-19,0.07666666666666666,0.48166666666666663,0,1,23132.86511797,24085.85537123,22826.47216789,23869.83196434,38487546579.56274,443399267276.8764
2020-12-20,0.16666666666666669,0.2866666666666667,0,1,23861.7657379,24209.65988828,23147.71102921,23477.29519711,37844228421.870636,436129331482.25616
2020-12-21,-0.009999999999999998,0.12,0,0,23474.45540815,24059.98230987,22159.36806298,22803.0814087,45852713980.889114,423625088584.1859
2020-12-22,0.003246753246753248,0.18653679653679653,0,0,22794.03960022,23789.90284154,22430.60469165,23783.02850288,44171632680.60435,441850902134.2294
2020-12-23,0.17181818181818181,0.30814393939393936,0,1,23781.97438638,24024.48959027,22802.64570202,23241.34486501,51146161904.32344,431808778580.3048
2020-12-24,0.27,0.3514285714285714,1,1,23240.20362271,23768.338544799997,22777.59680778,23735.94972763,41080759712.61937,441017197764.4213
2020-12-25,0.1258459595959596,0.2964078282828283,0,1,23733.56954677,24710.10155607,23463.67427254,24664.79027412,42068395845.63074,458297232691.90295
2020-12-26,0.23714285714285713,0.2414285714285714,1,1,24677.01605649,26718.07089319,24522.68948211,26437.0375091,48332647295.430016,491250863156.9848
2020-12-27,0.09861111111111114,0.40972222222222227,0,1,26439.37328852,28288.84002225,25922.76976496,26272.29456706,66479895605.09453,488213268382.0132
2020-12-28,0.125,0.125,0,0,26280.82141511,27389.11206428,26207.63993146,27084.80788628,49056742892.60884,503339329917.2024
2020-12-29,0.12504208754208754,0.23872053872053875,0,1,27081.80972919,27370.7200843,25987.29807483,27362.436557300003,45265946774.40102,508523687096.6884
2020-12-30,0.04900703463203464,0.1917397186147186,0,0,27360.08970906,28937.74000401,27360.08970906,28840.95341968,51287442703.982285,536033807160.8408
2020-12-31,0.2,0.2,0,0,28841.57375811,29244.87668786,28201.99199364,29001.71982218,46754964848.186516,539051138107.7861
2021-01-01,0.013750000000000012,0.39458333333333334,0,1,28994.00891641,29600.6269503,28803.58501355,29374.15188907,40730301358.64019,546001594837.5117
2021-01-02,0.09166666666666666,0.29166666666666663,0,1,33114.57724298,34638.21348502,32384.22810648,33537.1768196,61400400660.27,624349044409.12
2021-01-13,0.023011363636363635,0.2287878787878788,0,1,33915.11958124,37599.96059774,32584.66767186,37316.35939997,69364315979.27992,694069582193.7559
2021-01-14,0.05159406565656565,0.3061237373737373,0,1,37325.10763475,39966.40524241,36868.5632453,39187.32812109,63615990033.01018,728904366964.3611
2021-01-15,0.04559354707792208,0.16304247835497834,0,0,39156.708085800004,39577.71118833,34659.58974449,36825.36585131,67760757880.723885,685005864471.3622
2021-01-16,0.09727272727272726,0.2709090909090909,0,1,36821.64873201,37864.36887891,35633.55401669,36178.13890106,57706187875.10455,673000645230.8221
2021-01-17,0.15,0.18333333333333335,0,0,36163.64923243,36722.34987621,34069.32218533,35791.27792129,52359854336.21185,665831621390.9865
2021-01-18,0.013734567901234567,0.2823302469135803,0,1,35792.23666766,37299.28580604,34883.84404829,36630.07568284,49511702429.3542,681470030572.0747
2021-01-19,0.15188582251082253,0.22924242424242422,0,1,36642.23272357,37755.89185872,36069.80639361,36069.80639361,57244195485.50075,671081200699.8711
2021-01-20,0.033089225589225585,0.5091245791245791,0,1,36050.11269824,36378.32670045,33570.47780293,35547.750885500005,66834573161.29872,661400102161.1556
2021-01-21,0.0672979797979798,0.20414141414141412,0,1,35549.39740902,35552.67949732,30250.74963896,30825.69850603,75643067687.74416,573565664943.0017
2021-01-22,-0.02619047619047619,0.08452380952380953,0,0,30817.62519242,33811.85156014,28953.372751,33005.76356216,77207272511.13013,614160521491.5516
2021-01-23,0.0,0.0,0,0,32985.75691326,33360.97818593,31493.15966789,32067.64288212,48354737975.289215,596733137645.0635
2021-01-24,0.1003030303030303,0.32878787878787874,0,1,32064.37631516,32944.00894195,31106.68577002,32289.37808687,48643830599.36157,600888568009.5015
2021-01-25,0.17285714285714285,0.4628571428571429,0,1,32285.79891345,34802.74297839,32087.78796567,32366.39304887,59897054837.94314,602350097075.4393
2021-01-26,0.041666666666666664,0.3572916666666666,0,1,32358.6131737,32794.549590200004,31030.26596571,32569.84955679,60255421470.40675,606169260386.9784
2021-01-27,0.0875,0.08333333333333334,0,0,32564.03024112,32564.03024112,29367.13921776,30432.54707881,62576762015.46601,566417413553.9666
2021-01-28,0.04297520661157025,0.16105371900826448,0,0,30441.0418168,33858.31099229,30023.206831700005,33466.09635821,76517157706.32,622910073819.62
2021-01-29,0.07098011363636364,0.33837121212121213,0,1,34318.6716924,37627.63801509,32064.81418675,36896.32114628,108069233689.69,686772883636.22
2021-01-30,0.14204545454545453,0.18181818181818182,0,0,34295.9350435,34834.70830094,32940.18691419,34269.52154165,65141828798.26,637924573283.79
2021-01-31,0.11666666666666665,0.11666666666666665,0,0,34270.87759214,34288.33147504,32270.17602471,33114.35774753,52754542671.38,616452744533.29
2021-02-01,0.08848484848484849,0.16606060606060608,0,0,29376.45583414,33155.11881942,29091.18119088,32127.26793922,67865420765.45639,597205944668.8502
2021-02-02,-0.011515151515151515,0.14272727272727273,0,0,33533.20067102,35896.88214463,33489.21867158,35510.28903716,63088585433.12,661114581663.76
2021-02-13,0.049999999999999996,0.18333333333333335,0,0,47491.20255503,48047.74459107,46392.28233345,47105.51747252,70250456155.05,877478894463.66
2021-02-14,0.045681818181818185,0.1956060606060606,0,0,47114.50958649,49487.64087275,47114.50958649,48717.2902111,71248675228.22,907551330153.22
2021-02-15,0.029166666666666667,0.2891666666666667,0,1,48696.53665993,48875.57161074,46347.47709171,47945.05683234,77069903166.39,893210080038.98
2021-02-16,-0.0035353535353535364,0.14747474747474748,0,0,47944.45800728,50341.10325246,47201.30375472,49199.87134362,77049582885.51,916623418253.64
2021-02-17,0.055637958532695375,0.12095693779904307,0,0,49207.27643233,52533.91431173,49072.37714030001,52149.00753587,80820545404.32,971611626454.28
2021-02-18,0.09553872053872053,0.4278980278980279,0,1,52140.97271656,52474.10724863,51015.76455379,51679.79669449,52054723578.67,962915078024.48
2021-02-19,0.025365418894830658,0.1944206773618538,0,0,51675.98128513,56113.65054685,50937.27572157,55888.13368221,63495496917.85,1041380696669.48
2021-02-20,0.132,0.308,0,1,55887.33571358,57505.22818745,54626.559776199996,56099.52051348,68145460025.92,1045371087640.23
2021-02-21,0.0787121212121212,0.19931818181818184,0,0,56068.56824551,58330.57214185,55672.60951328,57539.9436679,51897585190.58,1072263294724.94
